"refYear","reporterDesc","section","flowCode","totalValue"
2020,"China","Animal or vegetable fats & oils","M",33780391827
2020,"China","Animal or vegetable fats & oils","X",4317825045
2020,"China","Chemicals & allied industries","M",451489088357
2020,"China","Chemicals & allied industries","X",411982336396
2020,"China","Hides, skins, leather, furs","M",4556793999
2020,"China","Hides, skins, leather, furs","X",670844681
2020,"China","Live animals; animal products","M",153960665910
2020,"China","Live animals; animal products","X",43272170427
2020,"China","Mineral products","M",1403397627927
2020,"China","Mineral products","X",109462518282
2020,"China","Plastics & rubber","M",260820767973
2020,"China","Plastics & rubber","X",356726878593
2020,"China","Prepared foods; beverages; tobacco","M",83847151170
2020,"China","Prepared foods; beverages; tobacco","X",93298516188
2020,"China","Vegetable products","M",215318247048
2020,"China","Vegetable products","X",82690869255
2020,"China, Hong Kong SAR","Animal or vegetable fats & oils","M",592989306.016
2020,"China, Hong Kong SAR","Animal or vegetable fats & oils","X",137423815.202
2020,"China, Hong Kong SAR","Chemicals & allied industries","M",49673489152.406
2020,"China, Hong Kong SAR","Chemicals & allied industries","X",33516156516.991
2020,"China, Hong Kong SAR","Hides, skins, leather, furs","M",569650453.213
2020,"China, Hong Kong SAR","Hides, skins, leather, furs","X",551281641.175
2020,"China, Hong Kong SAR","Live animals; animal products","M",32339953996.633
2020,"China, Hong Kong SAR","Live animals; animal products","X",5891908313.152
2020,"China, Hong Kong SAR","Mineral products","M",29303511831.686
2020,"China, Hong Kong SAR","Mineral products","X",1834527067.321
2020,"China, Hong Kong SAR","Plastics & rubber","M",23227476673.098
2020,"China, Hong Kong SAR","Plastics & rubber","X",25391707898.143
2020,"China, Hong Kong SAR","Prepared foods; beverages; tobacco","M",23627818272.209
2020,"China, Hong Kong SAR","Prepared foods; beverages; tobacco","X",10140783586.37
2020,"China, Hong Kong SAR","Vegetable products","M",18716085901.851
2020,"China, Hong Kong SAR","Vegetable products","X",8997888738.425
2020,"France","Animal or vegetable fats & oils","M",7114254325.627
2020,"France","Animal or vegetable fats & oils","X",4698708494.603
2020,"France","Chemicals & allied industries","M",217801823547.136
2020,"France","Chemicals & allied industries","X",263866486727.011
2020,"France","Hides, skins, leather, furs","M",591407745.727
2020,"France","Hides, skins, leather, furs","X",697441664.456
2020,"France","Live animals; animal products","M",44026558447.675
2020,"France","Live animals; animal products","X",43750264707.537
2020,"France","Mineral products","M",127283330992.006
2020,"France","Mineral products","X",32061797125.712
2020,"France","Plastics & rubber","M",86264198147.299
2020,"France","Plastics & rubber","X",71125954185.403
2020,"France","Prepared foods; beverages; tobacco","M",83997585360.061
2020,"France","Prepared foods; beverages; tobacco","X",108438017124.547
2020,"France","Vegetable products","M",57078713402.01
2020,"France","Vegetable products","X",52031689399.99
2020,"Germany","Animal or vegetable fats & oils","M",12096592104.819
2020,"Germany","Animal or vegetable fats & oils","X",9437904800.938
2020,"Germany","Chemicals & allied industries","M",449793708213.635
2020,"Germany","Chemicals & allied industries","X",599542074774.847
2020,"Germany","Hides, skins, leather, furs","M",584077352.479
2020,"Germany","Hides, skins, leather, furs","X",848447575.632
2020,"Germany","Live animals; animal products","M",68364686105.163
2020,"Germany","Live animals; animal products","X",68108275160.195
2020,"Germany","Mineral products","M",257712643929.576
2020,"Germany","Mineral products","X",84206295526.167
2020,"Germany","Plastics & rubber","M",161920155472.166
2020,"Germany","Plastics & rubber","X",218178883642.828
2020,"Germany","Prepared foods; beverages; tobacco","M",119963872045.373
2020,"Germany","Prepared foods; beverages; tobacco","X",133315045342.977
2020,"Germany","Vegetable products","M",114321451795.154
2020,"Germany","Vegetable products","X",45091138349.236
2020,"Italy","Animal or vegetable fats & oils","M",12369470082.996
2020,"Italy","Animal or vegetable fats & oils","X",7240467664.373
2020,"Italy","Chemicals & allied industries","M",191057836977.602
2020,"Italy","Chemicals & allied industries","X",192970528732.941
2020,"Italy","Hides, skins, leather, furs","M",2669296813.963
2020,"Italy","Hides, skins, leather, furs","X",3051923705.324
2020,"Italy","Live animals; animal products","M",45393868559.78
2020,"Italy","Live animals; animal products","X",21722689200.623
2020,"Italy","Mineral products","M",114307266894.196
2020,"Italy","Mineral products","X",33750683775.816
2020,"Italy","Plastics & rubber","M",70173366634.572
2020,"Italy","Plastics & rubber","X",74644269273.429
2020,"Italy","Prepared foods; beverages; tobacco","M",44925114069.502
2020,"Italy","Prepared foods; beverages; tobacco","X",97036626870.632
2020,"Italy","Vegetable products","M",42421594943.34
2020,"Italy","Vegetable products","X",33515754156.706
2020,"Japan","Animal or vegetable fats & oils","M",4204544363.1
2020,"Japan","Animal or vegetable fats & oils","X",735491689.096
2020,"Japan","Chemicals & allied industries","M",193760749872.028
2020,"Japan","Chemicals & allied industries","X",184005306222.835
2020,"Japan","Hides, skins, leather, furs","M",191965011.843
2020,"Japan","Hides, skins, leather, furs","X",121772831.549
2020,"Japan","Live animals; animal products","M",68827927941.32
2020,"Japan","Live animals; animal products","X",5454568161.016
2020,"Japan","Mineral products","M",385596246784.401
2020,"Japan","Mineral products","X",25309362667.519
2020,"Japan","Plastics & rubber","M",56755932811.661
2020,"Japan","Plastics & rubber","X",102255894483.06
2020,"Japan","Prepared foods; beverages; tobacco","M",77897080433.424
2020,"Japan","Prepared foods; beverages; tobacco","X",14922776625.477
2020,"Japan","Vegetable products","M",58443660691.608
2020,"Japan","Vegetable products","X",2846190783.598
2020,"Mexico","Animal or vegetable fats & oils","M",3473040288
2020,"Mexico","Animal or vegetable fats & oils","X",1222704804
2020,"Mexico","Arms and ammunition","M",75904075
2020,"Mexico","Arms and ammunition","X",117808324
2020,"Mexico","Base metals & articles of base metal","M",88996619182
2020,"Mexico","Base metals & articles of base metal","X",47690036330
2020,"Mexico","Chemicals & allied industries","M",85711775207
2020,"Mexico","Chemicals & allied industries","X",26148336507
2020,"Mexico","Footwear, headgear, umbrellas, etc.","M",3187262663
2020,"Mexico","Footwear, headgear, umbrellas, etc.","X",1844031833
2020,"Mexico","Hides, skins, leather, furs","M",3515815077
2020,"Mexico","Hides, skins, leather, furs","X",1530829215
2020,"Mexico","Live animals; animal products","M",18129563503
2020,"Mexico","Live animals; animal products","X",13705588279
2020,"Mexico","Machinery & electrical equipment","M",443228192898
2020,"Mexico","Machinery & electrical equipment","X",446827513184
2020,"Mexico","Mineral products","M",80572883737
2020,"Mexico","Mineral products","X",68353978690
2020,"Mexico","Miscellaneous manufactured articles","M",17320091228
2020,"Mexico","Miscellaneous manufactured articles","X",34511113994
2020,"Mexico","Optical/medical instruments","M",47261383410
2020,"Mexico","Optical/medical instruments","X",55453823430
2020,"Mexico","Plastics & rubber","M",82004560937
2020,"Mexico","Plastics & rubber","X",34913241320
2020,"Mexico","Precious stones/metals, jewelry","M",1972715224
2020,"Mexico","Precious stones/metals, jewelry","X",18967252911
2020,"Mexico","Prepared foods; beverages; tobacco","M",19803304154
2020,"Mexico","Prepared foods; beverages; tobacco","X",46142085061
2020,"Mexico","Pulp, paper, paperboard","M",19167489042
2020,"Mexico","Pulp, paper, paperboard","X",6004127903
2020,"Mexico","Stone, cement, ceramic, glass","M",7956644326
2020,"Mexico","Stone, cement, ceramic, glass","X",10956715900
2020,"Mexico","Textiles and textile articles","M",25423210652
2020,"Mexico","Textiles and textile articles","X",18222671072
2020,"Mexico","Unknown","M",382979895758
2020,"Mexico","Unknown","X",416982170486
2020,"Mexico","Vegetable products","M",31081677313
2020,"Mexico","Vegetable products","X",50544378964
2020,"Mexico","Vehicles, aircraft, vessels","M",96512538792
2020,"Mexico","Vehicles, aircraft, vessels","X",306672110105
2020,"Mexico","Wood and articles of wood","M",4377172457
2020,"Mexico","Wood and articles of wood","X",1786636298
2020,"Mexico","Works of art, antiques, special","M",69167843109
2020,"Mexico","Works of art, antiques, special","X",59331527334
2020,"Netherlands","Animal or vegetable fats & oils","M",19609888108.667
2020,"Netherlands","Animal or vegetable fats & oils","X",15553214162.663
2020,"Netherlands","Chemicals & allied industries","M",172242323328.158
2020,"Netherlands","Chemicals & allied industries","X",237184071238.014
2020,"Netherlands","Hides, skins, leather, furs","M",281492346.989
2020,"Netherlands","Hides, skins, leather, furs","X",592934418.606
2020,"Netherlands","Live animals; animal products","M",38585680416.38
2020,"Netherlands","Live animals; animal products","X",75855493839.575
2020,"Netherlands","Mineral products","M",159349035993.984
2020,"Netherlands","Mineral products","X",140184225803.856
2020,"Netherlands","Plastics & rubber","M",60235027499.682
2020,"Netherlands","Plastics & rubber","X",82751855141.843
2020,"Netherlands","Prepared foods; beverages; tobacco","M",77744961458.428
2020,"Netherlands","Prepared foods; beverages; tobacco","X",118551157428.149
2020,"Netherlands","Vegetable products","M",74404120013.912
2020,"Netherlands","Vegetable products","X",102533728308.723
2020,"Rep. of Korea","Animal or vegetable fats & oils","M",4129191303
2020,"Rep. of Korea","Animal or vegetable fats & oils","X",319445685
2020,"Rep. of Korea","Chemicals & allied industries","M",129232092105
2020,"Rep. of Korea","Chemicals & allied industries","X",142865556201
2020,"Rep. of Korea","Hides, skins, leather, furs","M",452451328
2020,"Rep. of Korea","Hides, skins, leather, furs","X",277103675
2020,"Rep. of Korea","Live animals; animal products","M",33041916579
2020,"Rep. of Korea","Live animals; animal products","X",4547052888
2020,"Rep. of Korea","Mineral products","M",310030683357
2020,"Rep. of Korea","Mineral products","X",78833422068
2020,"Rep. of Korea","Plastics & rubber","M",42381549618
2020,"Rep. of Korea","Plastics & rubber","X",114024938778
2020,"Rep. of Korea","Prepared foods; beverages; tobacco","M",32628305247
2020,"Rep. of Korea","Prepared foods; beverages; tobacco","X",18702708348
2020,"Rep. of Korea","Vegetable products","M",27860024775
2020,"Rep. of Korea","Vegetable products","X",3070727349
2020,"USA","Animal or vegetable fats & oils","M",20603413182
2020,"USA","Animal or vegetable fats & oils","X",10785437322
2020,"USA","Chemicals & allied industries","M",775611336450
2020,"USA","Chemicals & allied industries","X",499215683185
2020,"USA","Hides, skins, leather, furs","M",490443194
2020,"USA","Hides, skins, leather, furs","X",2420325633
2020,"USA","Live animals; animal products","M",100944347448
2020,"USA","Live animals; animal products","X",89142073935
2020,"USA","Mineral products","M",409373117250
2020,"USA","Mineral products","X",491472342270
2020,"USA","Plastics & rubber","M",272888632494
2020,"USA","Plastics & rubber","X",153926606947
2020,"USA","Prepared foods; beverages; tobacco","M",232210416339
2020,"USA","Prepared foods; beverages; tobacco","X",130175944257
2020,"USA","Vegetable products","M",155033062539
2020,"USA","Vegetable products","X",217965501144
2021,"China","Animal or vegetable fats & oils","M",47907994881
2021,"China","Animal or vegetable fats & oils","X",7093111788
2021,"China","Chemicals & allied industries","M",569933258940
2021,"China","Chemicals & allied industries","X",637942004622
2021,"China","Hides, skins, leather, furs","M",6233950548
2021,"China","Hides, skins, leather, furs","X",999891825
2021,"China","Live animals; animal products","M",171223320645
2021,"China","Live animals; animal products","X",45087719289
2021,"China","Mineral products","M",2060493071175
2021,"China","Mineral products","X",153364306773
2021,"China","Plastics & rubber","M",303536631014
2021,"China","Plastics & rubber","X",475463678996
2021,"China","Prepared foods; beverages; tobacco","M",97552317708
2021,"China","Prepared foods; beverages; tobacco","X",110599070877
2021,"China","Vegetable products","M",309068643789
2021,"China","Vegetable products","X",84328086879
2021,"China, Hong Kong SAR","Animal or vegetable fats & oils","M",769239331.77
2021,"China, Hong Kong SAR","Animal or vegetable fats & oils","X",166310454.766
2021,"China, Hong Kong SAR","Chemicals & allied industries","M",52762177364.893
2021,"China, Hong Kong SAR","Chemicals & allied industries","X",37491530817.595
2021,"China, Hong Kong SAR","Hides, skins, leather, furs","M",643218684.469
2021,"China, Hong Kong SAR","Hides, skins, leather, furs","X",600251430.571
2021,"China, Hong Kong SAR","Live animals; animal products","M",32635679634.378
2021,"China, Hong Kong SAR","Live animals; animal products","X",6100693953.613
2021,"China, Hong Kong SAR","Mineral products","M",35890704252.248
2021,"China, Hong Kong SAR","Mineral products","X",2389996685.916
2021,"China, Hong Kong SAR","Plastics & rubber","M",26884960545.791
2021,"China, Hong Kong SAR","Plastics & rubber","X",29402864655.711
2021,"China, Hong Kong SAR","Prepared foods; beverages; tobacco","M",26775138925.538
2021,"China, Hong Kong SAR","Prepared foods; beverages; tobacco","X",11627047567.599
2021,"China, Hong Kong SAR","Vegetable products","M",21113695374.575
2021,"China, Hong Kong SAR","Vegetable products","X",10088635327.605
2021,"France","Animal or vegetable fats & oils","M",9451498002.056
2021,"France","Animal or vegetable fats & oils","X",6976533428.552
2021,"France","Chemicals & allied industries","M",259191970008.487
2021,"France","Chemicals & allied industries","X",312006585672.959
2021,"France","Hides, skins, leather, furs","M",717225029.799
2021,"France","Hides, skins, leather, furs","X",980311819.823
2021,"France","Live animals; animal products","M",53436881927.214
2021,"France","Live animals; animal products","X",50218054863.094
2021,"France","Mineral products","M",231872078645.543
2021,"France","Mineral products","X",61618042372.188
2021,"France","Plastics & rubber","M",113402612968.488
2021,"France","Plastics & rubber","X",95774214323.888
2021,"France","Prepared foods; beverages; tobacco","M",94159696390.396
2021,"France","Prepared foods; beverages; tobacco","X",131553602669.179
2021,"France","Vegetable products","M",63228461422.158
2021,"France","Vegetable products","X",56598290645.344
2021,"Germany","Animal or vegetable fats & oils","M",15530420195.556
2021,"Germany","Animal or vegetable fats & oils","X",13325284980.41
2021,"Germany","Chemicals & allied industries","M",524762477966.87
2021,"Germany","Chemicals & allied industries","X",726899421521.312
2021,"Germany","Hides, skins, leather, furs","M",794615194.375
2021,"Germany","Hides, skins, leather, furs","X",1117525261.562
2021,"Germany","Live animals; animal products","M",71538777435.36
2021,"Germany","Live animals; animal products","X",69136988761.839
2021,"Germany","Mineral products","M",428142043949.898
2021,"Germany","Mineral products","X",138560474339.393
2021,"Germany","Plastics & rubber","M",213063023833.827
2021,"Germany","Plastics & rubber","X",273026670968.903
2021,"Germany","Prepared foods; beverages; tobacco","M",132982024614.809
2021,"Germany","Prepared foods; beverages; tobacco","X",149178568823.415
2021,"Germany","Vegetable products","M",126107728827.31
2021,"Germany","Vegetable products","X",49335746383.02
2021,"Italy","Animal or vegetable fats & oils","M",15786215635.559
2021,"Italy","Animal or vegetable fats & oils","X",9283290278.97
2021,"Italy","Chemicals & allied industries","M",217609322257.852
2021,"Italy","Chemicals & allied industries","X",209109392843.854
2021,"Italy","Hides, skins, leather, furs","M",3691577604.419
2021,"Italy","Hides, skins, leather, furs","X",3799231810.175
2021,"Italy","Live animals; animal products","M",52771649417.505
2021,"Italy","Live animals; animal products","X",26353056431.324
2021,"Italy","Mineral products","M",237658820040.464
2021,"Italy","Mineral products","X",59043431339.737
2021,"Italy","Plastics & rubber","M",97032056692.06
2021,"Italy","Plastics & rubber","X",94382279686.168
2021,"Italy","Prepared foods; beverages; tobacco","M",51456242749.642
2021,"Italy","Prepared foods; beverages; tobacco","X",112122308215.159
2021,"Italy","Vegetable products","M",48564139732.755
2021,"Italy","Vegetable products","X",39259837079.864
2021,"Japan","Animal or vegetable fats & oils","M",4972908897.383
2021,"Japan","Animal or vegetable fats & oils","X",878705168.022
2021,"Japan","Chemicals & allied industries","M",234205428090.022
2021,"Japan","Chemicals & allied industries","X",203604853789.184
2021,"Japan","Hides, skins, leather, furs","M",236093525.376
2021,"Japan","Hides, skins, leather, furs","X",176282742.974
2021,"Japan","Live animals; animal products","M",73825918405.929
2021,"Japan","Live animals; animal products","X",7640450013.82
2021,"Japan","Mineral products","M",572476031535.071
2021,"Japan","Mineral products","X",33540259106.638
2021,"Japan","Plastics & rubber","M",60729804232.203
2021,"Japan","Plastics & rubber","X",107584053567.366
2021,"Japan","Prepared foods; beverages; tobacco","M",80640997548.079
2021,"Japan","Prepared foods; beverages; tobacco","X",17211282215.095
2021,"Japan","Vegetable products","M",68487015352.115
2021,"Japan","Vegetable products","X",3174339783.251
2021,"Mexico","Animal or vegetable fats & oils","M",4495768102
2021,"Mexico","Animal or vegetable fats & oils","X",1189335802
2021,"Mexico","Chemicals & allied industries","M",103871260761
2021,"Mexico","Chemicals & allied industries","X",27959249806
2021,"Mexico","Hides, skins, leather, furs","M",935294310
2021,"Mexico","Hides, skins, leather, furs","X",293871104
2021,"Mexico","Live animals; animal products","M",23209964166
2021,"Mexico","Live animals; animal products","X",14442316082
2021,"Mexico","Mineral products","M",131369289694
2021,"Mexico","Mineral products","X",102983793062
2021,"Mexico","Plastics & rubber","M",108733244797
2021,"Mexico","Plastics & rubber","X",41329403440
2021,"Mexico","Prepared foods; beverages; tobacco","M",22379370772
2021,"Mexico","Prepared foods; beverages; tobacco","X",52507543299
2021,"Mexico","Vegetable products","M",41240832582
2021,"Mexico","Vegetable products","X",53531538076
2021,"Netherlands","Animal or vegetable fats & oils","M",25706681154.645
2021,"Netherlands","Animal or vegetable fats & oils","X",20240395804.915
2021,"Netherlands","Chemicals & allied industries","M",212780924402.74
2021,"Netherlands","Chemicals & allied industries","X",301887636248.126
2021,"Netherlands","Hides, skins, leather, furs","M",363185294.676
2021,"Netherlands","Hides, skins, leather, furs","X",715354930.495
2021,"Netherlands","Live animals; animal products","M",43836111853.127
2021,"Netherlands","Live animals; animal products","X",85437671961.948
2021,"Netherlands","Mineral products","M",273677442924.08
2021,"Netherlands","Mineral products","X",222849997183.799
2021,"Netherlands","Plastics & rubber","M",78882751868.807
2021,"Netherlands","Plastics & rubber","X",105227197956.597
2021,"Netherlands","Prepared foods; beverages; tobacco","M",86849174109.661
2021,"Netherlands","Prepared foods; beverages; tobacco","X",133885853258.71
2021,"Netherlands","Vegetable products","M",83177179392.02
2021,"Netherlands","Vegetable products","X",117440885521.448
2021,"Rep. of Korea","Animal or vegetable fats & oils","M",6729442455
2021,"Rep. of Korea","Animal or vegetable fats & oils","X",418353870
2021,"Rep. of Korea","Chemicals & allied industries","M",164977812069
2021,"Rep. of Korea","Chemicals & allied industries","X",189003745973
2021,"Rep. of Korea","Hides, skins, leather, furs","M",496580517
2021,"Rep. of Korea","Hides, skins, leather, furs","X",358188218
2021,"Rep. of Korea","Live animals; animal products","M",38368139796
2021,"Rep. of Korea","Live animals; animal products","X",5597599281
2021,"Rep. of Korea","Mineral products","M",489686699307
2021,"Rep. of Korea","Mineral products","X",125806635003
2021,"Rep. of Korea","Plastics & rubber","M",51661253525
2021,"Rep. of Korea","Plastics & rubber","X",143257751589
2021,"Rep. of Korea","Prepared foods; beverages; tobacco","M",37392523359
2021,"Rep. of Korea","Prepared foods; beverages; tobacco","X",20872498264
2021,"Rep. of Korea","Vegetable products","M",34277737290
2021,"Rep. of Korea","Vegetable products","X",3267765654
2021,"USA","Animal or vegetable fats & oils","M",30596298702
2021,"USA","Animal or vegetable fats & oils","X",12962085048
2021,"USA","Chemicals & allied industries","M",866379558024
2021,"USA","Chemicals & allied industries","X",614084061710
2021,"USA","Hides, skins, leather, furs","M",643526080
2021,"USA","Hides, skins, leather, furs","X",1934029862
2021,"USA","Live animals; animal products","M",130569787344
2021,"USA","Live animals; animal products","X",108352052880
2021,"USA","Mineral products","M",697224825501
2021,"USA","Mineral products","X",753312545145
2021,"USA","Plastics & rubber","M",351252735123
2021,"USA","Plastics & rubber","X",226623259600
2021,"USA","Prepared foods; beverages; tobacco","M",269342814354
2021,"USA","Prepared foods; beverages; tobacco","X",147264293577
2021,"USA","Vegetable products","M",175113821202
2021,"USA","Vegetable products","X",260861858400
